{
  "Aceh": [
    "Banda Aceh",
    "Kabupaten Aceh Besar",
    "Kabupaten Bireuen",
    "Kabupaten Aceh Barat",
    "Kabupaten Aceh Tengah",
    "Kabupaten Aceh Selatan",
    "Kabupaten Aceh Tenggara",
    "Kabupaten Aceh Barat Daya",
    "Kabupaten Aceh Utara",
    "Kabupaten Aceh Jaya",
    "Kabupaten Aceh Singkil",
    "Kabupaten Gayo Lues",
    "Kabupaten Nagan Raya",
    "Kabupaten Pidie",
    "Kabupaten Pidie Jaya",
    "Kabupaten Simeulue",
    "Kabupaten Bener Meriah",
    "Kabupaten Aceh Tamiang"
  ],
  "Bali": [
    "Denpasar",
    "Badung",
    "Gianyar",
    "Bangli",
    "Karangasem",
    "Buleleng",
    "Jembrana",
    "Tabanan",
    "Klungkung"
  ],
  "Banten": [
    "Kota Tangerang",
    "Kota Tangerang Selatan",
    "Kota Cilegon",
    "Kota Serang",
    "Kabupaten Tangerang",
    "Kabupaten Serang",
    "Kabupaten Pandeglang",
    "Kabupaten Lebak",
    "Kabupaten Rangkasbitung"
  ],
  "Bengkulu": [
    "Kota Bengkulu",
    "Kabupaten Bengkulu Selatan",
    "Kabupaten Bengkulu Utara",
    "Kabupaten Kepahiang",
    "Kabupaten Rejang Lebong",
    "Kabupaten Lebong",
    "Kabupaten Mukomuko",
    "Kabupaten Seluma",
    "Kabupaten Kaur",
    "Kabupaten Muko-muko"
  ],
  "DI Yogyakarta": [
    "Kota Yogyakarta",
    "Kabupaten Bantul",
    "Kabupaten Sleman",
    "Kabupaten Gunungkidul",
    "Kabupaten Kulon Progo"
  ],
  "DKI Jakarta": [
    "Kota Jakarta Pusat",
    "Kota Jakarta Utara",
    "Kota Jakarta Barat",
    "Kota Jakarta Selatan",
    "Kota Jakarta Timur",
    "Kepulauan Seribu"
  ],
  "Gorontalo": [
    "Kota Gorontalo",
    "Kabupaten Gorontalo",
    "Kabupaten Gorontalo Utara",
    "Kabupaten Pohuwato",
    "Kabupaten Bone Bolango"
  ],
  "Jambi": [
    "Kota Jambi",
    "Kota Sungai Penuh",
    "Kabupaten Muaro Jambi",
    "Kabupaten Tanjung Jabung Barat",
    "Kabupaten Tanjung Jabung Timur",
    "Kabupaten Bungo",
    "Kabupaten Kerinci",
    "Kabupaten Merangin",
    "Kabupaten Sarolangun",
    "Kabupaten Batanghari"
  ],
  "Jawa Barat": [
    "Kota Bandung",
    "Kota Bekasi",
    "Kota Bogor",
    "Kota Depok",
    "Kota Cimahi",
    "Kota Sukabumi",
    "Kota Cirebon",
    "Kabupaten Bandung",
    "Kabupaten Bandung Barat",
    "Kabupaten Bogor",
    "Kabupaten Sukabumi",
    "Kabupaten Cianjur",
    "Kabupaten Karawang",
    "Kabupaten Bekasi",
    "Kabupaten Subang",
    "Kabupaten Purwakarta",
    "Kabupaten Sumedang",
    "Kabupaten Indramayu",
    "Kabupaten Ciamis",
    "Kabupaten Kuningan",
    "Kabupaten Majalengka",
    "Kabupaten Garut",
    "Kabupaten Tasikmalaya",
    "Kabupaten Pangandaran"
  ],
  "Jawa Tengah": [
    "Kota Semarang",
    "Kota Surakarta (Solo)",
    "Kota Pekalongan",
    "Kota Tegal",
    "Kota Magelang",
    "Kabupaten Semarang",
    "Kabupaten Demak",
    "Kabupaten Kendal",
    "Kabupaten Temanggung",
    "Kabupaten Boyolali",
    "Kabupaten Klaten",
    "Kabupaten Sukoharjo",
    "Kabupaten Karanganyar",
    "Kabupaten Sragen",
    "Kabupaten Wonogiri",
    "Kabupaten Purworejo",
    "Kabupaten Kebumen",
    "Kabupaten Banyumas",
    "Kabupaten Purbalingga",
    "Kabupaten Tegal",
    "Kabupaten Brebes",
    "Kabupaten Blora",
    "Kabupaten Rembang",
    "Kabupaten Grobogan",
    "Kabupaten Pati",
    "Kabupaten Jepara",
    "Kabupaten Kudus",
    "Kabupaten Demak"
  ],
  "Jawa Timur": [
    "Kota Surabaya",
    "Kota Malang",
    "Kota Kediri",
    "Kota Blitar",
    "Kota Madiun",
    "Kota Mojokerto",
    "Kota Pasuruan",
    "Kabupaten Banyuwangi",
    "Kabupaten Jember",
    "Kabupaten Malang",
    "Kabupaten Sidoarjo",
    "Kabupaten Gresik",
    "Kabupaten Lamongan",
    "Kabupaten Mojokerto",
    "Kabupaten Pasuruan",
    "Kabupaten Probolinggo",
    "Kabupaten Pamekasan",
    "Kabupaten Sampang",
    "Kabupaten Sumenep",
    "Kabupaten Bangkalan",
    "Kabupaten Situbondo",
    "Kabupaten Jombang",
    "Kabupaten Nganjuk",
    "Kabupaten Blitar"
  ],
  "Kalimantan Barat": [
    "Pontianak",
    "Singkawang",
    "Kabupaten Sambas",
    "Kabupaten Bengkayang",
    "Kabupaten Landak",
    "Kabupaten Sanggau",
    "Kabupaten Ketapang",
    "Kabupaten Sintang",
    "Kabupaten Kapuas Hulu",
    "Kabupaten Sekadau",
    "Kabupaten Melawi",
    "Kabupaten Kayong Utara"
  ],
  "Kalimantan Selatan": [
    "Banjarmasin",
    "Banjarbaru",
    "Kabupaten Banjar",
    "Kabupaten Barito Kuala",
    "Kabupaten Hulu Sungai Selatan",
    "Kabupaten Hulu Sungai Utara",
    "Kabupaten Tabalong",
    "Kabupaten Tanah Laut",
    "Kabupaten Tanah Bumbu",
    "Kabupaten Balangan",
    "Kabupaten Tapin"
  ],
  "Kalimantan Tengah": [
    "Palangka Raya",
    "Kabupaten Kotawaringin Barat",
    "Kabupaten Kotawaringin Timur",
    "Kabupaten Gunung Mas",
    "Kabupaten Kapuas",
    "Kabupaten Katingan",
    "Kabupaten Pulang Pisau",
    "Kabupaten Barito Selatan",
    "Kabupaten Barito Utara",
    "Kabupaten Murung Raya"
  ],
  "Kalimantan Timur": [
    "Samarinda",
    "Balikpapan",
    "Bontang",
    "Kabupaten Kutai Kartanegara",
    "Kabupaten Kutai Barat",
    "Kabupaten Kutai Timur",
    "Kabupaten Penajam Paser Utara",
    "Kabupaten Berau",
    "Kabupaten Paser"
  ],
  "Kalimantan Utara": [
    "Tanjung Selor",
    "Bulungan",
    "Nunukan",
    "Malinau",
    "Tana Tidung",
    "Tarakan"
  ],
  "Kepulauan Bangka Belitung": [
    "Pangkal Pinang",
    "Kabupaten Bangka",
    "Kabupaten Bangka Barat",
    "Kabupaten Bangka Tengah",
    "Kabupaten Bangka Selatan",
    "Kabupaten Belitung",
    "Kabupaten Belitung Timur"
  ],
  "Kepulauan Riau": [
    "Tanjung Pinang",
    "Batam",
    "Bintan",
    "Karimun",
    "Anambas",
    "Lingga",
    "Natuna"
  ],
  "Lampung": [
    "Bandar Lampung",
    "Metro",
    "Kabupaten Lampung Selatan",
    "Kabupaten Lampung Tengah",
    "Kabupaten Lampung Utara",
    "Kabupaten Lampung Barat",
    "Kabupaten Lampung Timur",
    "Kabupaten Lampung Barat",
    "Kabupaten Pesawaran",
    "Kabupaten Tulang Bawang",
    "Kabupaten Tulang Bawang Barat",
    "Kabupaten Mesuji",
    "Kabupaten Pesisir Barat",
    "Kabupaten Way Kanan"
  ],
  "Maluku": [
    "Ambon",
    "Tual",
    "Kabupaten Maluku Tenggara",
    "Kabupaten Maluku Tenggara Barat",
    "Kabupaten Buru",
    "Kabupaten Buru Selatan",
    "Kabupaten Seram Bagian Timur",
    "Kabupaten Seram Bagian Barat",
    "Kabupaten Maluku Tengah",
    "Kabupaten Kepulauan Aru"
  ],
  "Maluku Utara": [
    "Ternate",
    "Tidore Kepulauan",
    "Kabupaten Halmahera Barat",
    "Kabupaten Halmahera Timur",
    "Kabupaten Halmahera Utara",
    "Kabupaten Halmahera Selatan",
    "Kabupaten Halmahera Tengah",
    "Kabupaten Pulau Morotai",
    "Kabupaten Pulau Taliabu"
  ],
  "Nusa Tenggara Barat": [
    "Mataram",
    "Lombok Barat",
    "Lombok Tengah",
    "Lombok Timur",
    "Lombok Utara",
    "Sumbawa",
    "Sumbawa Barat",
    "Dompu",
    "Bima"
  ],
  "Nusa Tenggara Timur": [
    "Kupang",
    "Flores Timur",
    "Flores Barat",
    "Sikka",
    "Ngada",
    "Ende",
    "Manggarai",
    "Manggarai Barat",
    "Belu",
    "Alor",
    "Lembata",
    "Rote Ndao",
    "Sabu Raijua",
    "Nagekeo",
    "Sikka"
  ],
  "Papua": [
    "Jayapura",
    "Jayapura Kabupaten",
    "Keerom",
    "Biak Numfor",
    "Sarmi",
    "Mamberamo Raya",
    "Asmat",
    "Mimika",
    "Puncak Jaya",
    "Boven Digoel",
    "Merauke",
    "Yahukimo",
    "Yalimo",
    "Nabire",
    "Paniai",
    "Intan Jaya"
  ],
  "Papua Barat": [
    "Manokwari",
    "Sorong",
    "Kaimana",
    "Raja Ampat",
    "Tambrauw",
    "Teluk Bintuni",
    "Teluk Wondama",
    "Maybrat"
  ],
  "Riau": [
    "Pekanbaru",
    "Dumai",
    "Rokan Hulu",
    "Rokan Hilir",
    "Bengkalis",
    "Siak",
    "Kampar",
    "Pelalawan",
    "Kuantan Singingi",
    "Indragiri Hulu",
    "Indragiri Hilir"
  ],
  "Sulawesi Barat": [
    "Mamuju",
    "Polewali Mandar",
    "Majene",
    "Mamuju Utara",
    "Mamuju Tengah",
    "Mamasa"
  ],
  "Sulawesi Selatan": [
    "Makassar",
    "Parepare",
    "Makale (Tana Toraja)",
    "Barru",
    "Bone",
    "Bantaeng",
    "Bulukumba",
    "Enrekang",
    "Gowa",
    "Jeneponto",
    "Maros",
    "Pangkajene dan Kepulauan",
    "Pinrang",
    "Selayar",
    "Sidenreng Rappang",
    "Sinjai",
    "Soppeng",
    "Takalar",
    "Tana Toraja",
    "Toraja Utara",
    "Wajo"
  ],
  "Sulawesi Tengah": [
    "Palu",
    "Donggala",
    "Sigi",
    "Parigi Moutong",
    "Banggai",
    "Banggai Kepulauan",
    "Buol",
    "Tolitoli",
    "Tojo Una-Una",
    "Morowali",
    "Poso"
  ],
  "Sulawesi Tenggara": [
    "Kendari",
    "Konawe",
    "Kolaka",
    "Buton",
    "Muna",
    "Bombana",
    "Wakatobi",
    "Konawe Selatan",
    "Konawe Utara"
  ],
  "Sumatera Barat": [
    "Padang",
    "Bukittinggi",
    "Padang Panjang",
    "Agam",
    "Pasaman",
    "Pasaman Barat",
    "Tanah Datar",
    "Solok",
    "Solok Selatan",
    "Sijunjung",
    "Dharmasraya",
    "Pesisir Selatan",
    "Kota Pariaman",
    "Limapuluh Kota"
  ],
  "Sumatera Selatan": [
    "Palembang",
    "Pagar Alam",
    "Lubuklinggau",
    "Prabumulih",
    "Musi Banyuasin",
    "Musi Rawas",
    "Ogan Komering Ilir",
    "Ogan Komering Ulu",
    "Ogan Komering Ulu Selatan",
    "Ogan Komering Ulu Timur",
    "Pesisir Selatan"
  ],
  "Sumatera Utara": [
    "Medan",
    "Pematangsiantar",
    "Tebing Tinggi",
    "Binjai",
    "Tanjung Balai",
    "Sibolga",
    "Langkat",
    "Deli Serdang",
    "Serdang Bedagai",
    "Simalungun",
    "Tapanuli Selatan",
    "Mandailing Natal",
    "Padang Sidempuan",
    "Humbang Hasundutan"
  ]
}
